{
    "blockMu": 560,
    "blockSigma": 30,
    "transactionMu": 26.66,
    "transactionSigma": 0.0,
    "numMiners": 8,
    "numFullNodes": 8,
    "simulationTime": 3600,
    "logFile": "output.log",
    "verbose": "True",
    "blockCapacity": 500,
    "txLow": 1,
    "txHigh": 100,
    "rewardPercentage": 0.10,
    "locations": [
      "Ireland",
      "Tokyo",
      "Ohio"
    ],
    "delay": {
      "Ireland": {
        "Ireland": {
          "mu": 0.0010420075,
          "sigma": 0.00020659828761088511
        },
        "Tokyo": {
          "mu": 0.2220275,
          "sigma": 0.00025834811785650774
        },
        "Ohio": {
          "mu": 0.0846995,
          "sigma": 0.00019583092197097127
        }
      },
      "Tokyo": {
        "Ireland": {
          "mu": 0.2220275,
          "sigma": 0.00025834811785650774
        },
        "Tokyo": {
          "mu": 0.00054122749999999997,
          "sigma": 0.00011590502898386248
        },
        "Ohio": {
          "mu": 0.15604249999999999,
          "sigma": 0.00060884624495844586
        }
      },
      "Ohio": {
        "Ireland": {
          "mu": 0.0846995,
          "sigma": 0.00019583092197097127
        },
        "Tokyo": {
          "mu": 0.15604249999999999,
          "sigma": 0.00060884624495844586
        },
        "Ohio": {
          "mu": 0.00056652500000000006,
          "sigma": 0.00026535878424314502
        }
      }
    }
  }