{
    "num_nodes": 100,
    "simulation_time": 3600,
    "num_epochs": 1,
    "num_slots": 10,
    "num_shards": 5,
    "principal_committee_size": 0.1,
    "block_mu": 560,
    "block_sigma": 30,
    "transaction_mu": 26.66,
    "transaction_sigma": 0.0,
    "tx_value_low": 1,
    "tx_value_high": 100,
    "reward_percentage": 0.10,
    "log_file": "simulation_results.log",
    "verbose": "True",
    "locations": [
        "Ireland",
        "Tokyo",
        "Ohio"
    ],
    "delay": {
        "Ireland": {
            "Ireland": {
                "mu": 0.0010420075,
                "sigma": 0.00020659828761088511
            },
            "Tokyo": {
                "mu": 0.2220275,
                "sigma": 0.00025834811785650774
            },
            "Ohio": {
                "mu": 0.0846995,
                "sigma": 0.00019583092197097127
            }
        },
        "Tokyo": {
            "Ireland": {
                "mu": 0.2220275,
                "sigma": 0.00025834811785650774
            },
            "Tokyo": {
                "mu": 0.00054122749999999997,
                "sigma": 0.00011590502898386248
            },
            "Ohio": {
                "mu": 0.15604249999999999,
                "sigma": 0.00060884624495844586
            }
        },
        "Ohio": {
            "Ireland": {
                "mu": 0.0846995,
                "sigma": 0.00019583092197097127
            },
            "Tokyo": {
                "mu": 0.15604249999999999,
                "sigma": 0.00060884624495844586
            },
            "Ohio": {
                "mu": 0.00056652500000000006,
                "sigma": 0.00026535878424314502
            }
        }
    }
}