{
    "num_nodes": 15,
    "simulation_time": 1000,
    "num_epochs": 1,
    "num_slots": 10,
    "num_shards": 1,
    "principal_committee_size": 0.35,
    "block_mu": 560,
    "block_sigma": 30,
    "transaction_mu": 26.66,
    "transaction_sigma": 0.0,
    "tx_value_low": 1,
    "tx_value_high": 100,
    "reward_percentage": 0.1,
    "mini_block_capacity": 5,
    "tx_blocks_in_mini_block": 2,
    "log_file": "simulation_results.log",
    "verbose": 1,
    "locations": [
        "Ireland",
        "Tokyo",
        "Ohio"
    ],
    "delay": {
        "Ireland": {
            "Ireland": {
                "mu": 0.0010420075,
                "sigma": 0.00020659828761088512
            },
            "Tokyo": {
                "mu": 0.2220275,
                "sigma": 0.00025834811785650774
            },
            "Ohio": {
                "mu": 0.0846995,
                "sigma": 0.00019583092197097128
            }
        },
        "Tokyo": {
            "Ireland": {
                "mu": 0.2220275,
                "sigma": 0.00025834811785650774
            },
            "Tokyo": {
                "mu": 0.0005412275,
                "sigma": 0.00011590502898386248
            },
            "Ohio": {
                "mu": 0.1560425,
                "sigma": 0.0006088462449584459
            }
        },
        "Ohio": {
            "Ireland": {
                "mu": 0.0846995,
                "sigma": 0.00019583092197097128
            },
            "Tokyo": {
                "mu": 0.1560425,
                "sigma": 0.0006088462449584459
            },
            "Ohio": {
                "mu": 0.000566525,
                "sigma": 0.000265358784243145
            }
        }
    }
}